team,matches_played,wins,draws,losses,goals_scored,goals_conceded,avg_goals_scored,avg_goals_conceded,win_rate,draw_rate,loss_rate,goal_difference
Sweden,1099,541,232,326,2168,1416,1.97270245677889,1.2884440400363968,0.49226569608735216,0.2111010009099181,0.2966333030027298,752
England,1088,623,258,207,2377,1041,2.1847426470588234,0.9568014705882353,0.5726102941176471,0.23713235294117646,0.19025735294117646,1336
Argentina,1064,588,257,219,2016,1073,1.894736842105263,1.0084586466165413,0.5526315789473685,0.24154135338345864,0.20582706766917294,943
Brazil,1057,670,216,171,2297,954,2.173131504257332,0.902554399243141,0.6338694418164617,0.2043519394512772,0.16177861873226113,1343
Germany,1029,597,213,219,2314,1197,2.248785228377065,1.163265306122449,0.5801749271137027,0.20699708454810495,0.21282798833819241,1117
South Korea,1005,536,252,217,1786,914,1.7771144278606965,0.909452736318408,0.5333333333333333,0.2507462686567164,0.21592039800995025,872
Hungary,1004,470,222,312,2006,1481,1.99800796812749,1.4750996015936255,0.4681274900398406,0.22111553784860558,0.3107569721115538,525
Mexico,1000,511,231,258,1759,1053,1.759,1.053,0.511,0.231,0.258,706
Uruguay,968,427,239,302,1530,1176,1.5805785123966942,1.2148760330578512,0.44111570247933884,0.246900826446281,0.3119834710743802,354
France,933,476,195,262,1711,1206,1.8338692390139335,1.292604501607717,0.5101822079314041,0.2090032154340836,0.2808145766345123,505
Italy,891,475,243,173,1563,876,1.754208754208754,0.9831649831649831,0.5331088664421998,0.2727272727272727,0.1941638608305275,687
Poland,890,384,224,282,1497,1197,1.6820224719101124,1.344943820224719,0.4314606741573034,0.251685393258427,0.31685393258426964,300
Switzerland,882,315,203,364,1315,1443,1.4909297052154196,1.6360544217687074,0.35714285714285715,0.23015873015873015,0.4126984126984127,-128
Netherlands,877,452,198,227,1839,1074,2.096921322690992,1.2246294184720639,0.5153933865450399,0.22576966932725198,0.2588369441277081,765
Denmark,872,401,184,287,1585,1172,1.8176605504587156,1.3440366972477065,0.4598623853211009,0.21100917431192662,0.3291284403669725,413
Norway,870,327,195,348,1347,1414,1.5482758620689656,1.625287356321839,0.3758620689655172,0.22413793103448276,0.4,-67
Thailand,863,339,204,320,1388,1279,1.608342989571263,1.482039397450753,0.3928157589803013,0.23638470451911936,0.3707995365005794,109
Austria,859,366,184,309,1540,1315,1.7927823050058207,1.530849825378347,0.42607683352735737,0.21420256111757857,0.359720605355064,225
Belgium,851,380,181,290,1543,1290,1.8131609870740306,1.5158636897767332,0.44653349001175086,0.21269095182138661,0.3407755581668625,253
Scotland,849,400,182,267,1446,1049,1.7031802120141342,1.2355712603062425,0.4711425206124853,0.2143698468786808,0.31448763250883394,397
Malaysia,835,327,192,316,1363,1211,1.6323353293413174,1.4502994011976047,0.3916167664670659,0.22994011976047904,0.3784431137724551,152
Chile,833,315,179,339,1174,1184,1.4093637454981993,1.4213685474189677,0.37815126050420167,0.2148859543817527,0.4069627851140456,-10
Finland,816,216,166,434,959,1669,1.1752450980392157,2.045343137254902,0.2647058823529412,0.2034313725490196,0.5318627450980392,-710
Zambia,793,358,203,232,1234,851,1.5561160151324085,1.073139974779319,0.4514501891551072,0.25598991172761665,0.29255989911727615,383
Japan,789,389,165,235,1442,910,1.8276299112801013,1.1533586818757922,0.49302915082382764,0.20912547528517111,0.29784537389100124,532
United States,788,350,161,277,1196,1044,1.517766497461929,1.3248730964467006,0.44416243654822335,0.20431472081218274,0.35152284263959394,152
Paraguay,782,274,208,300,999,1113,1.2774936061381075,1.4232736572890026,0.35038363171355497,0.2659846547314578,0.3836317135549872,-114
Spain,781,460,181,140,1598,701,2.0460947503201026,0.8975672215108835,0.58898847631242,0.23175416133162613,0.1792573623559539,897
Romania,764,334,194,236,1236,975,1.617801047120419,1.2761780104712042,0.43717277486910994,0.25392670157068065,0.3089005235602094,261
Egypt,754,378,185,191,1223,764,1.6220159151193634,1.013262599469496,0.5013262599469496,0.2453580901856764,0.253315649867374,459
Trinidad and Tobago,751,321,164,266,1268,999,1.688415446071904,1.3302263648468708,0.4274300932090546,0.21837549933422104,0.35419440745672437,269
Russia,746,383,197,166,1295,734,1.7359249329758712,0.9839142091152815,0.5134048257372654,0.2640750670241287,0.2225201072386059,561
Saudi Arabia,738,350,169,219,1134,775,1.5365853658536586,1.0501355013550135,0.4742547425474255,0.22899728997289973,0.2967479674796748,359
Bulgaria,734,262,187,285,1014,1102,1.3814713896457766,1.5013623978201636,0.3569482288828338,0.2547683923705722,0.388283378746594,-88
Wales,724,234,164,326,908,1157,1.2541436464088398,1.5980662983425415,0.32320441988950277,0.2265193370165746,0.45027624309392267,-249
Indonesia,723,279,142,302,1205,1173,1.6666666666666667,1.6224066390041494,0.38589211618257263,0.19640387275242047,0.41770401106500693,32
Costa Rica,722,316,178,228,1237,852,1.7132963988919667,1.18005540166205,0.4376731301939058,0.24653739612188366,0.3157894736842105,385
Peru,712,230,176,306,856,994,1.202247191011236,1.396067415730337,0.32303370786516855,0.24719101123595505,0.4297752808988764,-138
Kenya,705,268,175,262,977,957,1.3858156028368793,1.3574468085106384,0.3801418439716312,0.24822695035460993,0.37163120567375885,20
Northern Ireland,705,184,160,361,739,1293,1.04822695035461,1.8340425531914895,0.26099290780141843,0.22695035460992907,0.5120567375886524,-554
China PR,700,338,153,209,1283,767,1.832857142857143,1.0957142857142856,0.4828571428571429,0.21857142857142858,0.2985714285714286,516
Singapore,694,218,141,335,933,1267,1.3443804034582132,1.8256484149855907,0.31412103746397696,0.20317002881844382,0.4827089337175792,-334
Portugal,693,347,159,187,1223,776,1.7647907647907648,1.1197691197691197,0.5007215007215007,0.22943722943722944,0.2698412698412698,447
Uganda,685,285,182,218,1030,809,1.5036496350364963,1.181021897810219,0.41605839416058393,0.2656934306569343,0.3182481751824818,221
Kuwait,683,285,178,220,1065,768,1.5592972181551976,1.1244509516837482,0.4172767203513909,0.26061493411420206,0.32210834553440704,297
Tunisia,676,296,189,191,974,684,1.4408284023668638,1.0118343195266273,0.4378698224852071,0.27958579881656803,0.28254437869822485,290
Ghana,669,311,174,184,1051,697,1.5710014947683109,1.0418535127055306,0.4648729446935725,0.2600896860986547,0.2750373692077728,354
Jamaica,660,257,154,249,880,870,1.3333333333333333,1.3181818181818181,0.3893939393939394,0.23333333333333334,0.37727272727272726,10
Nigeria,657,309,191,157,1000,658,1.5220700152207,1.0015220700152208,0.4703196347031963,0.2907153729071537,0.2389649923896499,342
Iraq,652,303,187,162,1003,606,1.5383435582822085,0.9294478527607362,0.4647239263803681,0.28680981595092025,0.24846625766871167,397
Malawi,642,219,181,242,752,830,1.1713395638629283,1.2928348909657321,0.3411214953271028,0.2819314641744548,0.37694704049844235,-78
Turkey,640,257,152,231,893,903,1.3953125,1.4109375,0.4015625,0.2375,0.3609375,-10
Senegal,636,298,168,170,880,596,1.3836477987421383,0.9371069182389937,0.46855345911949686,0.2641509433962264,0.2672955974842767,284
Colombia,636,256,176,204,818,735,1.2861635220125787,1.1556603773584906,0.4025157232704403,0.27672955974842767,0.32075471698113206,83
Ivory Coast,635,324,162,149,1040,633,1.6377952755905512,0.9968503937007874,0.510236220472441,0.2551181102362205,0.2346456692913386,407
Qatar,633,260,154,219,895,766,1.4139020537124802,1.2101105845181674,0.4107424960505529,0.24328593996840442,0.3459715639810427,129
Greece,631,240,154,237,792,875,1.255150554675119,1.386687797147385,0.3803486529318542,0.24405705229793978,0.375594294770206,-83
Republic of Ireland,630,241,178,211,851,768,1.3507936507936509,1.2190476190476192,0.3825396825396825,0.28253968253968254,0.3349206349206349,83
Honduras,619,247,161,211,909,796,1.4684975767366721,1.2859450726978998,0.3990306946688207,0.26009693053311794,0.3408723747980614,113
Cameroon,616,271,192,153,866,640,1.405844155844156,1.0389610389610389,0.43993506493506496,0.3116883116883117,0.2483766233766234,226
Algeria,615,286,162,167,948,613,1.5414634146341464,0.9967479674796748,0.46504065040650405,0.2634146341463415,0.27154471544715447,335
Morocco,614,304,171,139,906,493,1.47557003257329,0.8029315960912052,0.495114006514658,0.2785016286644951,0.2263843648208469,413
United Arab Emirates,612,246,152,214,867,760,1.4166666666666667,1.2418300653594772,0.4019607843137255,0.24836601307189543,0.34967320261437906,107
El Salvador,612,200,137,275,766,932,1.2516339869281046,1.522875816993464,0.32679738562091504,0.2238562091503268,0.4493464052287582,-166
Iran,610,347,144,119,1150,482,1.8852459016393444,0.7901639344262295,0.5688524590163935,0.2360655737704918,0.19508196721311474,668
Tanzania,599,163,171,265,660,892,1.1018363939899833,1.4891485809682805,0.27212020033388984,0.2854757929883139,0.44240400667779634,-232
Ecuador,589,181,157,251,712,902,1.2088285229202038,1.531409168081494,0.3073005093378608,0.266553480475382,0.42614601018675724,-190
Bahrain,583,207,154,222,725,754,1.2435677530017153,1.2933104631217838,0.35506003430531735,0.2641509433962264,0.38078902229845624,-29
Australia,579,296,122,161,1166,617,2.0138169257340244,1.0656303972366148,0.5112262521588946,0.21070811744386875,0.27806563039723664,549
Mali,568,232,151,185,746,624,1.3133802816901408,1.0985915492957747,0.4084507042253521,0.2658450704225352,0.3257042253521127,122
Guatemala,552,199,140,213,773,755,1.4003623188405796,1.3677536231884058,0.3605072463768116,0.2536231884057971,0.3858695652173913,18
Estonia,548,134,122,292,542,974,0.9890510948905109,1.7773722627737227,0.24452554744525548,0.22262773722627738,0.5328467153284672,-432
Oman,542,206,137,199,701,680,1.2933579335793357,1.2546125461254614,0.3800738007380074,0.25276752767527677,0.3671586715867159,21
Guinea,538,200,153,185,730,659,1.3568773234200744,1.224907063197026,0.37174721189591076,0.2843866171003718,0.34386617100371747,71
Panama,535,181,132,222,670,813,1.2523364485981308,1.519626168224299,0.3383177570093458,0.2467289719626168,0.41495327102803736,-143
Bolivia,532,119,119,294,545,1043,1.0244360902255638,1.9605263157894737,0.2236842105263158,0.2236842105263158,0.5526315789473685,-498
India,530,190,119,221,728,855,1.3735849056603773,1.6132075471698113,0.3584905660377358,0.22452830188679246,0.4169811320754717,-127
DR Congo,522,206,143,173,778,625,1.4904214559386972,1.1973180076628354,0.3946360153256705,0.2739463601532567,0.3314176245210728,153
Czechoslovakia,520,236,119,165,984,721,1.8923076923076922,1.3865384615384615,0.45384615384615384,0.22884615384615384,0.3173076923076923,263
Iceland,520,159,102,259,632,872,1.2153846153846153,1.676923076923077,0.3057692307692308,0.19615384615384615,0.4980769230769231,-240
Myanmar,510,209,90,211,814,840,1.5960784313725491,1.6470588235294117,0.40980392156862744,0.17647058823529413,0.4137254901960784,-26
Haiti,508,215,110,183,833,684,1.639763779527559,1.3464566929133859,0.42322834645669294,0.21653543307086615,0.36023622047244097,149
Israel,497,180,116,201,749,737,1.5070422535211268,1.482897384305835,0.36217303822937624,0.23340040241448692,0.4044265593561368,12
Zimbabwe,494,189,139,166,659,589,1.334008097165992,1.1923076923076923,0.3825910931174089,0.2813765182186235,0.3360323886639676,70
Yugoslavia,483,223,98,162,942,756,1.950310559006211,1.565217391304348,0.4616977225672878,0.2028985507246377,0.33540372670807456,186
Syria,483,173,120,190,691,634,1.4306418219461698,1.3126293995859213,0.3581780538302277,0.2484472049689441,0.39337474120082816,57
Jordan,479,178,134,167,613,533,1.279749478079332,1.1127348643006263,0.37160751565762007,0.2797494780793319,0.348643006263048,80
South Africa,477,213,144,120,648,454,1.3584905660377358,0.9517819706498952,0.44654088050314467,0.3018867924528302,0.25157232704402516,194
Sudan,469,151,118,200,508,634,1.0831556503198294,1.35181236673774,0.32196162046908317,0.2515991471215352,0.42643923240938164,-126
Canada,467,178,107,182,605,611,1.2955032119914347,1.3083511777301928,0.3811563169164882,0.2291220556745182,0.3897216274089936,-6
Luxembourg,465,49,63,353,295,1203,0.6344086021505376,2.587096774193548,0.1053763440860215,0.13548387096774195,0.7591397849462366,-908
Burkina Faso,462,164,122,176,578,612,1.251082251082251,1.3246753246753247,0.354978354978355,0.26406926406926406,0.38095238095238093,-34
Latvia,459,128,110,221,540,762,1.1764705882352942,1.6601307189542485,0.2788671023965142,0.23965141612200436,0.48148148148148145,-222
Venezuela,458,116,101,241,480,854,1.0480349344978166,1.8646288209606987,0.25327510917030566,0.2205240174672489,0.5262008733624454,-374
Malta,456,64,78,314,295,1025,0.6469298245614035,2.2478070175438596,0.14035087719298245,0.17105263157894737,0.6885964912280702,-730
Togo,445,140,113,192,486,618,1.0921348314606742,1.3887640449438203,0.3146067415730337,0.2539325842696629,0.4314606741573034,-132
Hong Kong,444,141,96,207,640,730,1.4414414414414414,1.6441441441441442,0.31756756756756754,0.21621621621621623,0.46621621621621623,-90
Lithuania,431,111,83,237,430,784,0.9976798143851509,1.8190255220417633,0.25754060324825984,0.1925754060324826,0.5498839907192575,-354
Cyprus,424,81,71,272,372,926,0.8773584905660378,2.1839622641509435,0.19103773584905662,0.16745283018867924,0.6415094339622641,-554
New Zealand,414,172,73,169,729,619,1.7608695652173914,1.4951690821256038,0.41545893719806765,0.17632850241545894,0.4082125603864734,110
Angola,413,140,147,126,466,427,1.1283292978208233,1.0338983050847457,0.3389830508474576,0.3559322033898305,0.3050847457627119,39
Ethiopia,407,143,92,172,547,594,1.343980343980344,1.4594594594594594,0.35135135135135137,0.22604422604422605,0.4226044226044226,-47
Congo,406,134,99,173,523,598,1.2881773399014778,1.4729064039408868,0.33004926108374383,0.2438423645320197,0.42610837438423643,-75
Gabon,405,141,114,150,477,484,1.1777777777777778,1.1950617283950618,0.34814814814814815,0.2814814814814815,0.37037037037037035,-7
Suriname,399,173,93,133,750,565,1.8796992481203008,1.4160401002506267,0.43358395989974935,0.23308270676691728,0.3333333333333333,185
Cuba,397,139,90,168,532,605,1.3400503778337531,1.5239294710327456,0.3501259445843829,0.22670025188916876,0.42317380352644834,-73
Albania,396,110,84,202,377,587,0.952020202020202,1.4823232323232323,0.2777777777777778,0.21212121212121213,0.51010101010101,-210
Croatia,394,208,104,82,686,397,1.7411167512690355,1.0076142131979695,0.5279187817258884,0.2639593908629442,0.20812182741116753,289
North Korea,390,162,106,122,628,435,1.6102564102564103,1.1153846153846154,0.4153846153846154,0.2717948717948718,0.3128205128205128,193
Libya,384,143,92,149,500,466,1.3020833333333333,1.2135416666666667,0.3723958333333333,0.23958333333333334,0.3880208333333333,34
Curaçao,383,142,100,141,630,604,1.6449086161879896,1.577023498694517,0.370757180156658,0.26109660574412535,0.3681462140992167,26
Mozambique,374,118,95,161,387,484,1.03475935828877,1.2941176470588236,0.3155080213903743,0.2540106951871658,0.4304812834224599,-97
Slovakia,365,148,85,132,514,455,1.4082191780821918,1.2465753424657535,0.4054794520547945,0.2328767123287671,0.36164383561643837,59
Czech Republic,358,189,72,97,636,366,1.776536312849162,1.0223463687150838,0.5279329608938548,0.2011173184357542,0.2709497206703911,270
Uzbekistan,352,169,73,110,612,390,1.7386363636363635,1.1079545454545454,0.48011363636363635,0.20738636363636365,0.3125,222
Serbia,346,155,89,102,530,374,1.5317919075144508,1.0809248554913296,0.4479768786127168,0.25722543352601157,0.2947976878612717,156
Philippines,338,91,52,195,402,776,1.1893491124260356,2.2958579881656807,0.2692307692307692,0.15384615384615385,0.5769230769230769,-374
Ukraine,336,151,94,91,472,356,1.4047619047619047,1.0595238095238095,0.4494047619047619,0.27976190476190477,0.2708333333333333,116
Lebanon,333,93,92,148,385,469,1.1561561561561562,1.4084084084084083,0.27927927927927926,0.27627627627627627,0.4444444444444444,-84
Botswana,332,90,92,150,268,426,0.8072289156626506,1.283132530120482,0.2710843373493976,0.27710843373493976,0.45180722891566266,-158
Martinique,331,145,85,101,586,431,1.770392749244713,1.3021148036253776,0.4380664652567976,0.256797583081571,0.30513595166163143,155
Mauritius,325,91,72,162,412,523,1.2676923076923077,1.6092307692307692,0.28,0.22153846153846155,0.49846153846153846,-111
Benin,323,84,78,161,350,555,1.08359133126935,1.7182662538699691,0.26006191950464397,0.24148606811145512,0.4984520123839009,-205
Madagascar,319,118,73,128,434,480,1.3605015673981191,1.5047021943573669,0.36990595611285265,0.22884012539184953,0.4012539184952978,-46
Slovenia,315,114,85,116,390,369,1.2380952380952381,1.1714285714285715,0.3619047619047619,0.2698412698412698,0.3682539682539683,21
Guyana,313,103,61,149,428,550,1.3674121405750799,1.7571884984025559,0.329073482428115,0.19488817891373802,0.476038338658147,-122
Belarus,313,93,79,141,357,461,1.1405750798722045,1.4728434504792332,0.2971246006389776,0.2523961661341853,0.4504792332268371,-104
Azerbaijan,308,60,79,169,236,517,0.7662337662337663,1.6785714285714286,0.19480519480519481,0.2564935064935065,0.5487012987012987,-281
Georgia,305,99,64,142,380,430,1.2459016393442623,1.4098360655737705,0.32459016393442625,0.2098360655737705,0.46557377049180326,-50
North Macedonia,304,95,79,130,365,408,1.200657894736842,1.3421052631578947,0.3125,0.2598684210526316,0.4276315789473684,-43
Bangladesh,304,79,66,159,274,555,0.9013157894736842,1.825657894736842,0.2598684210526316,0.21710526315789475,0.5230263157894737,-281
Barbados,302,94,67,141,393,527,1.3013245033112584,1.7450331125827814,0.31125827814569534,0.22185430463576158,0.46688741721854304,-134
Liberia,300,78,70,152,267,443,0.89,1.4766666666666666,0.26,0.23333333333333334,0.5066666666666667,-176
Sierra Leone,299,90,78,131,288,412,0.9632107023411371,1.3779264214046822,0.3010033444816054,0.2608695652173913,0.43812709030100333,-124
German DR,298,140,66,92,506,361,1.6979865771812082,1.2114093959731544,0.4697986577181208,0.2214765100671141,0.3087248322147651,145
Vietnam,297,128,59,110,489,406,1.6464646464646464,1.367003367003367,0.43097643097643096,0.19865319865319866,0.37037037037037035,83
Moldova,297,58,68,171,240,519,0.8080808080808081,1.7474747474747474,0.19528619528619529,0.22895622895622897,0.5757575757575758,-279
Lesotho,295,54,93,148,229,465,0.7762711864406779,1.576271186440678,0.18305084745762712,0.3152542372881356,0.5016949152542373,-236
Cambodia,293,63,41,189,324,760,1.10580204778157,2.5938566552901023,0.2150170648464164,0.13993174061433447,0.6450511945392492,-436
Faroe Islands,285,56,36,193,239,643,0.8385964912280702,2.256140350877193,0.19649122807017544,0.12631578947368421,0.6771929824561403,-404
Bosnia and Herzegovina,281,104,65,112,387,387,1.3772241992882561,1.3772241992882561,0.3701067615658363,0.2313167259786477,0.398576512455516,0
Rwanda,280,88,74,118,289,336,1.0321428571428573,1.2,0.3142857142857143,0.2642857142857143,0.42142857142857143,-47
Namibia,279,70,80,129,273,397,0.978494623655914,1.4229390681003584,0.25089605734767023,0.2867383512544803,0.46236559139784944,-124
Eswatini,274,55,83,136,231,455,0.843065693430657,1.6605839416058394,0.20072992700729927,0.3029197080291971,0.49635036496350365,-224
Guadeloupe,271,115,47,109,463,390,1.7084870848708487,1.4391143911439115,0.42435424354243545,0.17343173431734318,0.4022140221402214,73
Armenia,270,65,55,150,272,497,1.0074074074074073,1.8407407407407408,0.24074074074074073,0.2037037037037037,0.5555555555555556,-225
Mauritania,269,51,70,148,195,428,0.724907063197026,1.5910780669144982,0.1895910780669145,0.26022304832713755,0.550185873605948,-233
Nepal,268,63,47,158,229,602,0.8544776119402985,2.246268656716418,0.23507462686567165,0.17537313432835822,0.5895522388059702,-373
Fiji,267,116,48,103,607,437,2.2734082397003745,1.6367041198501873,0.4344569288389513,0.1797752808988764,0.3857677902621723,170
Kazakhstan,267,71,59,137,307,440,1.149812734082397,1.647940074906367,0.26591760299625467,0.2209737827715356,0.5131086142322098,-133
Yemen,266,53,54,159,259,577,0.9736842105263158,2.169172932330827,0.19924812030075187,0.20300751879699247,0.5977443609022557,-318
New Caledonia,265,136,34,95,698,369,2.6339622641509433,1.3924528301886792,0.5132075471698113,0.12830188679245283,0.3584905660377358,329
Gambia,265,73,75,117,278,367,1.049056603773585,1.3849056603773584,0.27547169811320754,0.2830188679245283,0.44150943396226416,-89
Grenada,259,86,56,117,422,479,1.6293436293436294,1.8494208494208495,0.33204633204633205,0.21621621621621623,0.4517374517374517,-57
Niger,258,61,61,136,255,421,0.9883720930232558,1.6317829457364341,0.2364341085271318,0.2364341085271318,0.5271317829457365,-166
Liechtenstein,257,19,32,206,105,722,0.4085603112840467,2.809338521400778,0.07392996108949416,0.1245136186770428,0.8015564202334631,-617
Sri Lanka,248,49,47,152,237,566,0.9556451612903226,2.282258064516129,0.1975806451612903,0.18951612903225806,0.6129032258064516,-329
Pakistan,244,50,43,151,225,573,0.9221311475409836,2.348360655737705,0.20491803278688525,0.1762295081967213,0.6188524590163934,-348
Tahiti,242,131,31,80,657,371,2.7148760330578514,1.5330578512396693,0.5413223140495868,0.128099173553719,0.3305785123966942,286
Palestine,241,69,68,104,322,342,1.3360995850622406,1.4190871369294606,0.2863070539419087,0.2821576763485477,0.4315352697095436,-20
Guernsey,240,145,25,70,616,313,2.566666666666667,1.3041666666666667,0.6041666666666666,0.10416666666666667,0.2916666666666667,303
Taiwan,237,64,30,143,306,605,1.2911392405063291,2.5527426160337554,0.270042194092827,0.12658227848101267,0.6033755274261603,-299
Saint Vincent and the Grenadines,236,88,51,97,372,442,1.576271186440678,1.8728813559322033,0.3728813559322034,0.21610169491525424,0.4110169491525424,-70
Jersey,235,153,20,62,645,285,2.74468085106383,1.2127659574468086,0.6510638297872341,0.0851063829787234,0.26382978723404255,360
Cape Verde,233,88,56,89,255,262,1.094420600858369,1.1244635193133048,0.3776824034334764,0.24034334763948498,0.38197424892703863,-7
Antigua and Barbuda,231,71,43,117,306,423,1.3246753246753247,1.8311688311688312,0.30735930735930733,0.18614718614718614,0.5064935064935064,-117
Maldives,231,63,38,130,277,522,1.199134199134199,2.25974025974026,0.2727272727272727,0.1645021645021645,0.5627705627705628,-245
Saint Lucia,230,80,33,117,327,438,1.4217391304347826,1.9043478260869566,0.34782608695652173,0.14347826086956522,0.508695652173913,-111
Saint Kitts and Nevis,226,90,42,94,387,372,1.7123893805309736,1.6460176991150441,0.39823008849557523,0.18584070796460178,0.415929203539823,15
Andorra,226,13,31,182,73,539,0.3230088495575221,2.3849557522123894,0.05752212389380531,0.13716814159292035,0.8053097345132744,-466
Laos,224,42,34,148,227,701,1.0133928571428572,3.1294642857142856,0.1875,0.15178571428571427,0.6607142857142857,-474
San Marino,223,3,11,209,42,886,0.18834080717488788,3.9730941704035874,0.013452914798206279,0.04932735426008968,0.9372197309417041,-844
Nicaragua,220,51,26,143,234,530,1.0636363636363637,2.409090909090909,0.2318181818181818,0.11818181818181818,0.65,-296
Burundi,217,65,52,100,237,290,1.0921658986175116,1.336405529953917,0.2995391705069124,0.23963133640552994,0.4608294930875576,-53
Dominica,215,52,46,117,250,436,1.1627906976744187,2.027906976744186,0.24186046511627907,0.21395348837209302,0.5441860465116279,-186
Solomon Islands,214,90,35,89,462,421,2.1588785046728973,1.9672897196261683,0.4205607476635514,0.16355140186915887,0.4158878504672897,41
Vanuatu,213,68,29,116,401,459,1.8826291079812207,2.1549295774647885,0.3192488262910798,0.13615023474178403,0.5446009389671361,-58
Zanzibar,209,44,41,124,191,436,0.9138755980861244,2.0861244019138754,0.21052631578947367,0.19617224880382775,0.5933014354066986,-245
Tajikistan,199,77,42,80,295,276,1.4824120603015076,1.3869346733668342,0.3869346733668342,0.21105527638190955,0.4020100502512563,19
Bermuda,197,67,33,97,325,349,1.649746192893401,1.7715736040609138,0.3401015228426396,0.16751269035532995,0.49238578680203043,-24
Vietnam Republic,195,82,37,76,364,312,1.8666666666666667,1.6,0.4205128205128205,0.18974358974358974,0.38974358974358975,52
Guinea-Bissau,190,52,44,94,189,280,0.9947368421052631,1.4736842105263157,0.2736842105263158,0.23157894736842105,0.49473684210526314,-91
Kyrgyzstan,189,57,31,101,220,321,1.164021164021164,1.6984126984126984,0.30158730158730157,0.164021164021164,0.5343915343915344,-101
French Guiana,179,54,39,86,267,306,1.4916201117318435,1.7094972067039107,0.3016759776536313,0.21787709497206703,0.48044692737430167,-39
Equatorial Guinea,178,49,40,89,156,261,0.8764044943820225,1.4662921348314606,0.2752808988764045,0.2247191011235955,0.5,-105
Seychelles,176,26,30,120,135,398,0.7670454545454546,2.2613636363636362,0.14772727272727273,0.17045454545454544,0.6818181818181818,-263
Turkmenistan,175,64,32,79,265,266,1.5142857142857142,1.52,0.3657142857142857,0.18285714285714286,0.4514285714285714,-1
Montenegro,168,57,40,71,198,231,1.1785714285714286,1.375,0.3392857142857143,0.23809523809523808,0.4226190476190476,-33
Puerto Rico,162,41,26,95,205,379,1.2654320987654322,2.3395061728395063,0.25308641975308643,0.16049382716049382,0.5864197530864198,-174
Dominican Republic,158,62,26,70,264,250,1.6708860759493671,1.5822784810126582,0.3924050632911392,0.16455696202531644,0.4430379746835443,14
Gibraltar,157,37,20,100,169,394,1.0764331210191083,2.5095541401273884,0.2356687898089172,0.12738853503184713,0.6369426751592356,-225
Papua New Guinea,155,52,29,74,336,312,2.167741935483871,2.0129032258064514,0.33548387096774196,0.1870967741935484,0.4774193548387097,24
Aruba,151,32,31,88,199,353,1.3178807947019868,2.337748344370861,0.2119205298013245,0.2052980132450331,0.5827814569536424,-154
Comoros,150,35,35,80,133,244,0.8866666666666667,1.6266666666666667,0.23333333333333334,0.23333333333333334,0.5333333333333333,-111
Macau,145,21,16,108,113,447,0.7793103448275862,3.0827586206896553,0.14482758620689656,0.1103448275862069,0.7448275862068966,-334
Afghanistan,144,35,34,75,141,289,0.9791666666666666,2.0069444444444446,0.24305555555555555,0.2361111111111111,0.5208333333333334,-148
Chad,138,26,34,78,117,238,0.8478260869565217,1.7246376811594204,0.18840579710144928,0.2463768115942029,0.5652173913043478,-121
Brunei,137,22,11,104,107,449,0.781021897810219,3.2773722627737225,0.16058394160583941,0.08029197080291971,0.7591240875912408,-342
Central African Republic,136,29,28,79,145,259,1.0661764705882353,1.9044117647058822,0.21323529411764705,0.20588235294117646,0.5808823529411765,-114
Alderney,135,5,2,128,73,620,0.5407407407407407,4.592592592592593,0.037037037037037035,0.014814814814814815,0.9481481481481482,-547
Réunion,124,53,22,49,219,220,1.7661290322580645,1.7741935483870968,0.4274193548387097,0.1774193548387097,0.3951612903225806,-1
Somalia,124,11,15,98,62,330,0.5,2.661290322580645,0.08870967741935484,0.12096774193548387,0.7903225806451613,-268
Belize,121,31,20,70,133,233,1.0991735537190082,1.9256198347107438,0.256198347107438,0.1652892561983471,0.5785123966942148,-100
British Virgin Islands,121,21,22,78,112,358,0.9256198347107438,2.958677685950413,0.17355371900826447,0.18181818181818182,0.6446280991735537,-246
Guam,120,25,11,84,138,590,1.15,4.916666666666667,0.20833333333333334,0.09166666666666666,0.7,-452
Cayman Islands,118,25,21,72,116,286,0.9830508474576272,2.4237288135593222,0.211864406779661,0.17796610169491525,0.6101694915254238,-170
Djibouti,111,7,10,94,74,401,0.6666666666666666,3.6126126126126126,0.06306306306306306,0.09009009009009009,0.8468468468468469,-327
Bhutan,109,11,7,91,61,398,0.5596330275229358,3.6513761467889907,0.10091743119266056,0.06422018348623854,0.8348623853211009,-337
Kosovo,102,41,23,38,148,137,1.4509803921568627,1.3431372549019607,0.4019607843137255,0.22549019607843138,0.37254901960784315,11
Mongolia,101,25,9,67,117,310,1.1584158415841583,3.0693069306930694,0.24752475247524752,0.0891089108910891,0.6633663366336634,-193
Anguilla,91,7,9,75,52,349,0.5714285714285714,3.8351648351648353,0.07692307692307693,0.0989010989010989,0.8241758241758241,-297
Timor-Leste,86,9,5,72,71,284,0.8255813953488372,3.302325581395349,0.10465116279069768,0.05813953488372093,0.8372093023255814,-213
South Sudan,78,12,16,50,50,142,0.6410256410256411,1.8205128205128205,0.15384615384615385,0.20512820512820512,0.6410256410256411,-92
United States Virgin Islands,78,10,12,56,54,295,0.6923076923076923,3.782051282051282,0.1282051282051282,0.15384615384615385,0.717948717948718,-241
Greenland,77,25,10,42,145,159,1.8831168831168832,2.064935064935065,0.3246753246753247,0.12987012987012986,0.5454545454545454,-14
Samoa,71,22,4,45,99,249,1.3943661971830985,3.507042253521127,0.30985915492957744,0.056338028169014086,0.6338028169014085,-150
Eritrea,71,11,16,44,48,121,0.676056338028169,1.704225352112676,0.15492957746478872,0.22535211267605634,0.6197183098591549,-73
São Tomé and Príncipe,71,9,10,52,53,182,0.7464788732394366,2.563380281690141,0.1267605633802817,0.14084507042253522,0.7323943661971831,-129
Saint Martin,68,25,5,38,101,167,1.4852941176470589,2.4558823529411766,0.36764705882352944,0.07352941176470588,0.5588235294117647,-66
Tonga,68,16,6,46,81,253,1.1911764705882353,3.7205882352941178,0.23529411764705882,0.08823529411764706,0.6764705882352942,-172
Ynys Môn,67,37,11,19,125,96,1.8656716417910448,1.4328358208955223,0.5522388059701493,0.16417910447761194,0.2835820895522388,29
Bahamas,67,14,10,43,75,213,1.1194029850746268,3.1791044776119404,0.208955223880597,0.14925373134328357,0.6417910447761194,-138
Montserrat,66,17,7,42,72,195,1.0909090909090908,2.9545454545454546,0.25757575757575757,0.10606060606060606,0.6363636363636364,-123
Sint Maarten,60,20,10,30,88,153,1.4666666666666666,2.55,0.3333333333333333,0.16666666666666666,0.5,-65
Basque Country,58,38,11,9,156,76,2.689655172413793,1.3103448275862069,0.6551724137931034,0.1896551724137931,0.15517241379310345,80
Isle of Man,58,35,4,19,186,87,3.206896551724138,1.5,0.603448275862069,0.06896551724137931,0.3275862068965517,99
Shetland,58,21,9,28,101,113,1.7413793103448276,1.9482758620689655,0.3620689655172414,0.15517241379310345,0.4827586206896552,-12
American Samoa,55,4,2,49,33,357,0.6,6.490909090909091,0.07272727272727272,0.03636363636363636,0.8909090909090909,-324
Cook Islands,53,11,4,38,43,264,0.8113207547169812,4.981132075471698,0.20754716981132076,0.07547169811320754,0.7169811320754716,-221
Turks and Caicos Islands,52,12,6,34,52,187,1.0,3.5961538461538463,0.23076923076923078,0.11538461538461539,0.6538461538461539,-135
Åland Islands,51,21,8,22,77,86,1.5098039215686274,1.6862745098039216,0.4117647058823529,0.1568627450980392,0.43137254901960786,-9
Isle of Wight,48,26,7,15,113,60,2.3541666666666665,1.25,0.5416666666666666,0.14583333333333334,0.3125,53
Catalonia,48,19,12,17,75,84,1.5625,1.75,0.3958333333333333,0.25,0.3541666666666667,-9
Padania,44,30,8,6,120,33,2.727272727272727,0.75,0.6818181818181818,0.18181818181818182,0.13636363636363635,87
Bonaire,43,14,6,23,63,107,1.4651162790697674,2.488372093023256,0.32558139534883723,0.13953488372093023,0.5348837209302325,-44
Tuvalu,39,8,4,27,45,208,1.1538461538461537,5.333333333333333,0.20512820512820512,0.10256410256410256,0.6923076923076923,-163
Mayotte,38,11,11,16,51,56,1.3421052631578947,1.4736842105263157,0.2894736842105263,0.2894736842105263,0.42105263157894735,-5
Frøya,37,7,2,28,60,146,1.6216216216216217,3.945945945945946,0.1891891891891892,0.05405405405405406,0.7567567567567568,-86
Saare County,35,5,5,25,41,89,1.1714285714285715,2.5428571428571427,0.14285714285714285,0.14285714285714285,0.7142857142857143,-48
Northern Cyprus,34,20,7,7,98,31,2.8823529411764706,0.9117647058823529,0.5882352941176471,0.20588235294117646,0.20588235294117646,67
Western Isles,34,13,4,17,51,77,1.5,2.264705882352941,0.38235294117647056,0.11764705882352941,0.5,-26
Occitania,33,19,6,8,103,38,3.121212121212121,1.1515151515151516,0.5757575757575758,0.18181818181818182,0.24242424242424243,65
Falkland Islands,33,6,1,26,31,121,0.9393939393939394,3.6666666666666665,0.18181818181818182,0.030303030303030304,0.7878787878787878,-90
Abkhazia,32,14,13,5,51,26,1.59375,0.8125,0.4375,0.40625,0.15625,25
Western Australia,32,11,3,18,63,75,1.96875,2.34375,0.34375,0.09375,0.5625,-12
Gotland,30,11,4,15,81,57,2.7,1.9,0.36666666666666664,0.13333333333333333,0.5,24
Northern Mariana Islands,30,4,3,23,27,129,0.9,4.3,0.13333333333333333,0.1,0.7666666666666667,-102
Sápmi,29,12,2,15,90,54,3.103448275862069,1.8620689655172413,0.41379310344827586,0.06896551724137931,0.5172413793103449,36
Orkney,28,9,1,18,38,84,1.3571428571428572,3.0,0.32142857142857145,0.03571428571428571,0.6428571428571429,-46
Iraqi Kurdistan,27,13,8,6,61,27,2.259259259259259,1.0,0.48148148148148145,0.2962962962962963,0.2222222222222222,34
Székely Land,27,9,3,15,56,56,2.074074074074074,2.074074074074074,0.3333333333333333,0.1111111111111111,0.5555555555555556,0
Raetia,26,6,5,15,43,103,1.6538461538461537,3.9615384615384617,0.23076923076923078,0.19230769230769232,0.5769230769230769,-60
Menorca,25,11,6,8,56,32,2.24,1.28,0.44,0.24,0.32,24
Yemen DPR,25,5,3,17,25,69,1.0,2.76,0.2,0.12,0.68,-44
Tamil Eelam,24,12,0,12,58,60,2.4166666666666665,2.5,0.5,0.0,0.5,-2
Monaco,24,8,6,10,41,88,1.7083333333333333,3.6666666666666665,0.3333333333333333,0.25,0.4166666666666667,-47
North Vietnam,24,7,3,14,49,52,2.0416666666666665,2.1666666666666665,0.2916666666666667,0.125,0.5833333333333334,-3
Wallis Islands and Futuna,24,5,0,19,23,109,0.9583333333333334,4.541666666666667,0.20833333333333334,0.0,0.7916666666666666,-86
Hitra,23,6,1,16,37,92,1.608695652173913,4.0,0.2608695652173913,0.043478260869565216,0.6956521739130435,-55
Ellan Vannin,22,11,5,6,54,32,2.4545454545454546,1.4545454545454546,0.5,0.22727272727272727,0.2727272727272727,22
Panjab,19,9,3,7,54,30,2.8421052631578947,1.5789473684210527,0.47368421052631576,0.15789473684210525,0.3684210526315789,24
Provence,19,6,1,12,47,54,2.473684210526316,2.8421052631578947,0.3157894736842105,0.05263157894736842,0.631578947368421,-7
Rhodes,18,11,2,5,29,19,1.6111111111111112,1.0555555555555556,0.6111111111111112,0.1111111111111111,0.2777777777777778,10
South Ossetia,16,5,3,8,35,34,2.1875,2.125,0.3125,0.1875,0.5,1
Western Armenia,16,5,4,7,34,20,2.125,1.25,0.3125,0.25,0.4375,14
Chagos Islands,16,3,2,11,28,76,1.75,4.75,0.1875,0.125,0.6875,-48
Tibet,16,0,2,14,14,66,0.875,4.125,0.0,0.125,0.875,-52
Gozo,14,4,2,8,31,28,2.2142857142857144,2.0,0.2857142857142857,0.14285714285714285,0.5714285714285714,3
Andalusia,13,8,4,1,25,14,1.9230769230769231,1.0769230769230769,0.6153846153846154,0.3076923076923077,0.07692307692307693,11
Kernow,12,7,2,3,32,19,2.6666666666666665,1.5833333333333333,0.5833333333333334,0.16666666666666666,0.25,13
Brittany,12,6,3,3,18,15,1.5,1.25,0.5,0.25,0.25,3
Felvidék,12,5,2,5,14,20,1.1666666666666667,1.6666666666666667,0.4166666666666667,0.16666666666666666,0.4166666666666667,-6
Sealand,12,4,5,3,27,30,2.25,2.5,0.3333333333333333,0.4166666666666667,0.25,-3
Barawa,12,3,0,9,16,46,1.3333333333333333,3.8333333333333335,0.25,0.0,0.75,-30
United Koreans in Japan,12,3,6,3,20,11,1.6666666666666667,0.9166666666666666,0.25,0.5,0.25,9
Artsakh,11,6,2,3,32,14,2.909090909090909,1.2727272727272727,0.5454545454545454,0.18181818181818182,0.2727272727272727,18
Kárpátalja,11,5,5,1,25,13,2.272727272727273,1.1818181818181819,0.45454545454545453,0.45454545454545453,0.09090909090909091,12
Kiribati,11,0,1,10,7,126,0.6363636363636364,11.454545454545455,0.0,0.09090909090909091,0.9090909090909091,-119
Arameans Suryoye,10,5,2,3,16,12,1.6,1.2,0.5,0.2,0.3,4
Galicia,10,4,3,3,19,20,1.9,2.0,0.4,0.3,0.3,-1
Saint Barthélemy,10,4,1,5,25,30,2.5,3.0,0.4,0.1,0.5,-5
County of Nice,9,6,1,2,19,13,2.111111111111111,1.4444444444444444,0.6666666666666666,0.1111111111111111,0.2222222222222222,6
Corsica,9,4,4,1,10,5,1.1111111111111112,0.5555555555555556,0.4444444444444444,0.4444444444444444,0.1111111111111111,5
Saarland,9,1,2,6,10,26,1.1111111111111112,2.888888888888889,0.1111111111111111,0.2222222222222222,0.6666666666666666,-16
Matabeleland,8,3,2,3,7,14,0.875,1.75,0.375,0.25,0.375,-7
Silesia,8,3,2,3,24,17,3.0,2.125,0.375,0.25,0.375,7
Saint Helena,8,0,0,8,6,41,0.75,5.125,0.0,0.0,1.0,-35
Yorkshire,7,5,1,1,27,11,3.857142857142857,1.5714285714285714,0.7142857142857143,0.14285714285714285,0.14285714285714285,16
Cascadia,7,4,1,2,23,14,3.2857142857142856,2.0,0.5714285714285714,0.14285714285714285,0.2857142857142857,9
Chameria,7,3,2,2,14,8,2.0,1.1428571428571428,0.42857142857142855,0.2857142857142857,0.2857142857142857,6
Romani people,7,2,0,5,13,26,1.8571428571428572,3.7142857142857144,0.2857142857142857,0.0,0.7142857142857143,-13
Micronesia,7,1,0,6,8,59,1.1428571428571428,8.428571428571429,0.14285714285714285,0.0,0.8571428571428571,-51
Darfur,7,0,0,7,1,99,0.14285714285714285,14.142857142857142,0.0,0.0,1.0,-98
Saint Pierre and Miquelon,7,0,0,7,2,78,0.2857142857142857,11.142857142857142,0.0,0.0,1.0,-76
Vatican City,7,0,3,4,4,17,0.5714285714285714,2.4285714285714284,0.0,0.42857142857142855,0.5714285714285714,-13
Donetsk PR,6,2,2,2,8,7,1.3333333333333333,1.1666666666666667,0.3333333333333333,0.3333333333333333,0.3333333333333333,1
Luhansk PR,6,2,1,3,9,12,1.5,2.0,0.3333333333333333,0.16666666666666666,0.5,-3
Somaliland,6,2,1,3,14,20,2.3333333333333335,3.3333333333333335,0.3333333333333333,0.16666666666666666,0.5,-6
Kabylia,6,1,2,3,8,15,1.3333333333333333,2.5,0.16666666666666666,0.3333333333333333,0.5,-7
Two Sicilies,6,1,0,5,3,18,0.5,3.0,0.16666666666666666,0.0,0.8333333333333334,-15
Ambazonia,6,0,1,5,3,17,0.5,2.8333333333333335,0.0,0.16666666666666666,0.8333333333333334,-14
Crimea,5,3,0,2,7,11,1.4,2.2,0.6,0.0,0.4,-4
Western Sahara,5,2,0,3,11,16,2.2,3.2,0.4,0.0,0.6,-5
Canary Islands,4,3,0,1,11,3,2.75,0.75,0.75,0.0,0.25,8
Republic of St. Pauli,4,1,1,2,10,5,2.5,1.25,0.25,0.25,0.5,5
Sark,4,0,0,4,0,70,0.0,17.5,0.0,0.0,1.0,-70
Biafra,3,2,0,1,2,1,0.6666666666666666,0.3333333333333333,0.6666666666666666,0.0,0.3333333333333333,1
Franconia,3,2,0,1,8,11,2.6666666666666665,3.6666666666666665,0.6666666666666666,0.0,0.3333333333333333,-3
Parishes of Jersey,3,2,0,1,11,4,3.6666666666666665,1.3333333333333333,0.6666666666666666,0.0,0.3333333333333333,7
Hmong,3,1,0,2,6,10,2.0,3.3333333333333335,0.3333333333333333,0.0,0.6666666666666666,-4
Chechnya,3,0,1,2,3,29,1.0,9.666666666666666,0.0,0.3333333333333333,0.6666666666666666,-26
Găgăuzia,3,0,1,2,2,9,0.6666666666666666,3.0,0.0,0.3333333333333333,0.6666666666666666,-7
Manchukuo,3,0,0,3,0,16,0.0,5.333333333333333,0.0,0.0,1.0,-16
South Yemen,3,0,0,3,1,8,0.3333333333333333,2.6666666666666665,0.0,0.0,1.0,-7
Maule Sur,2,2,0,0,2,0,1.0,0.0,1.0,0.0,0.0,2
Central Spain,2,1,0,1,2,4,1.0,2.0,0.5,0.0,0.5,-2
Délvidék,2,1,0,1,4,3,2.0,1.5,0.5,0.0,0.5,1
Mapuche,2,1,0,1,3,2,1.5,1.0,0.5,0.0,0.5,1
Aymara,2,0,0,2,1,4,0.5,2.0,0.0,0.0,1.0,-3
Marshall Islands,2,0,0,2,2,7,1.0,3.5,0.0,0.0,1.0,-5
Niue,2,0,0,2,0,33,0.0,16.5,0.0,0.0,1.0,-33
Palau,2,0,0,2,4,21,2.0,10.5,0.0,0.0,1.0,-17
Ticino,2,0,0,2,2,13,1.0,6.5,0.0,0.0,1.0,-11
Yoruba Nation,2,0,1,1,1,2,0.5,1.0,0.0,0.5,0.5,-1
Asturias,1,1,0,0,3,1,3.0,1.0,1.0,0.0,0.0,2
Elba Island,1,1,0,0,5,0,5.0,0.0,1.0,0.0,0.0,5
Surrey,1,1,0,0,3,1,3.0,1.0,1.0,0.0,0.0,2
Cilento,1,0,0,1,0,2,0.0,2.0,0.0,0.0,1.0,-2
Madrid,1,0,0,1,1,2,1.0,2.0,0.0,0.0,1.0,-1
Ryūkyū,1,0,0,1,0,9,0.0,9.0,0.0,0.0,1.0,-9
Saugeais,1,0,1,0,1,1,1.0,1.0,0.0,1.0,0.0,0
Seborga,1,0,0,1,2,3,2.0,3.0,0.0,0.0,1.0,-1
West Papua,1,0,1,0,1,1,1.0,1.0,0.0,1.0,0.0,0
